{
  "Delete Booking" : {
    "transaction" : "Delete Booking",
    "sampleCount" : 700,
    "errorCount" : 0,
    "errorPct" : 0.0,
    "meanResTime" : 592.4642857142857,
    "medianResTime" : 603.0,
    "minResTime" : 250.0,
    "maxResTime" : 1568.0,
    "pct1ResTime" : 783.8,
    "pct2ResTime" : 1076.249999999999,
    "pct3ResTime" : 1313.97,
    "throughput" : 72.52382925818483,
    "receivedKBytesPerSec" : 53.48672878677995,
    "sentKBytesPerSec" : 16.99777248238707
  },
  "Update Booking with Put" : {
    "transaction" : "Update Booking with Put",
    "sampleCount" : 700,
    "errorCount" : 0,
    "errorPct" : 0.0,
    "meanResTime" : 602.4571428571433,
    "medianResTime" : 600.0,
    "minResTime" : 252.0,
    "maxResTime" : 1987.0,
    "pct1ResTime" : 766.9,
    "pct2ResTime" : 821.8499999999998,
    "pct3ResTime" : 1288.8700000000001,
    "throughput" : 71.41399714344011,
    "receivedKBytesPerSec" : 64.47225374923485,
    "sentKBytesPerSec" : 33.68453185574373
  },
  "Total" : {
    "transaction" : "Total",
    "sampleCount" : 4900,
    "errorCount" : 0,
    "errorPct" : 0.0,
    "meanResTime" : 671.2855102040817,
    "medianResTime" : 520.0,
    "minResTime" : 247.0,
    "maxResTime" : 5158.0,
    "pct1ResTime" : 1048.800000000001,
    "pct2ResTime" : 1698.7999999999993,
    "pct3ResTime" : 3037.9199999999983,
    "throughput" : 326.8845897264843,
    "receivedKBytesPerSec" : 282.298094563042,
    "sentKBytesPerSec" : 96.54222606737825
  },
  "Create Booking" : {
    "transaction" : "Create Booking",
    "sampleCount" : 700,
    "errorCount" : 0,
    "errorPct" : 0.0,
    "meanResTime" : 429.66999999999996,
    "medianResTime" : 419.0,
    "minResTime" : 248.0,
    "maxResTime" : 2624.0,
    "pct1ResTime" : 517.9,
    "pct2ResTime" : 590.9499999999999,
    "pct3ResTime" : 1202.91,
    "throughput" : 71.2903554333435,
    "receivedKBytesPerSec" : 66.3485652815969,
    "sentKBytesPerSec" : 31.25914998981566
  },
  "Update Booking with Patch" : {
    "transaction" : "Update Booking with Patch",
    "sampleCount" : 700,
    "errorCount" : 0,
    "errorPct" : 0.0,
    "meanResTime" : 617.3542857142853,
    "medianResTime" : 602.0,
    "minResTime" : 248.0,
    "maxResTime" : 1749.0,
    "pct1ResTime" : 789.0,
    "pct2ResTime" : 1076.8999999999999,
    "pct3ResTime" : 1333.96,
    "throughput" : 72.16494845360825,
    "receivedKBytesPerSec" : 65.40149806701031,
    "sentKBytesPerSec" : 19.4507087628866
  },
  "Get Booking" : {
    "transaction" : "Get Booking",
    "sampleCount" : 1400,
    "errorCount" : 0,
    "errorPct" : 0.0,
    "meanResTime" : 453.3514285714288,
    "medianResTime" : 435.0,
    "minResTime" : 247.0,
    "maxResTime" : 2628.0,
    "pct1ResTime" : 522.0,
    "pct2ResTime" : 800.7000000000003,
    "pct3ResTime" : 1124.96,
    "throughput" : 132.5381047051027,
    "receivedKBytesPerSec" : 119.92553606929849,
    "sentKBytesPerSec" : 26.662939032471833
  },
  "Create Token" : {
    "transaction" : "Create Token",
    "sampleCount" : 700,
    "errorCount" : 0,
    "errorPct" : 0.0,
    "meanResTime" : 1550.3500000000008,
    "medianResTime" : 1040.0,
    "minResTime" : 984.0,
    "maxResTime" : 5158.0,
    "pct1ResTime" : 2799.2999999999997,
    "pct2ResTime" : 3218.0,
    "pct3ResTime" : 4205.920000000001,
    "throughput" : 54.02902130287126,
    "receivedKBytesPerSec" : 40.968892308582895,
    "sentKBytesPerSec" : 13.5600180418339
  }
}