{
  "Delete Booking" : {
    "transaction" : "Delete Booking",
    "sampleCount" : 600,
    "errorCount" : 0,
    "errorPct" : 0.0,
    "meanResTime" : 811.2283333333326,
    "medianResTime" : 946.5,
    "minResTime" : 280.0,
    "maxResTime" : 2319.0,
    "pct1ResTime" : 1207.0,
    "pct2ResTime" : 1228.0,
    "pct3ResTime" : 1744.99,
    "throughput" : 74.81296758104739,
    "receivedKBytesPerSec" : 54.90278210723192,
    "sentKBytesPerSec" : 17.534289276807982
  },
  "Update Booking with Put" : {
    "transaction" : "Update Booking with Put",
    "sampleCount" : 600,
    "errorCount" : 0,
    "errorPct" : 0.0,
    "meanResTime" : 920.68,
    "medianResTime" : 1005.0,
    "minResTime" : 283.0,
    "maxResTime" : 2304.0,
    "pct1ResTime" : 1202.9,
    "pct2ResTime" : 1234.8999999999999,
    "pct3ResTime" : 1823.94,
    "throughput" : 70.99751508697196,
    "receivedKBytesPerSec" : 63.91394139746775,
    "sentKBytesPerSec" : 33.48808572949947
  },
  "Total" : {
    "transaction" : "Total",
    "sampleCount" : 4200,
    "errorCount" : 0,
    "errorPct" : 0.0,
    "meanResTime" : 1036.564523809528,
    "medianResTime" : 740.0,
    "minResTime" : 278.0,
    "maxResTime" : 13097.0,
    "pct1ResTime" : 1318.800000000001,
    "pct2ResTime" : 3288.149999999997,
    "pct3ResTime" : 6461.689999999993,
    "throughput" : 271.61611588954275,
    "receivedKBytesPerSec" : 233.98798745392227,
    "sentKBytesPerSec" : 80.2192127982927
  },
  "Create Booking" : {
    "transaction" : "Create Booking",
    "sampleCount" : 600,
    "errorCount" : 0,
    "errorPct" : 0.0,
    "meanResTime" : 571.7816666666658,
    "medianResTime" : 613.0,
    "minResTime" : 279.0,
    "maxResTime" : 2231.0,
    "pct1ResTime" : 752.8,
    "pct2ResTime" : 771.8999999999999,
    "pct3ResTime" : 1445.8700000000001,
    "throughput" : 70.9471443774388,
    "receivedKBytesPerSec" : 66.02010538607071,
    "sentKBytesPerSec" : 31.10865998581057
  },
  "Update Booking with Patch" : {
    "transaction" : "Update Booking with Patch",
    "sampleCount" : 600,
    "errorCount" : 0,
    "errorPct" : 0.0,
    "meanResTime" : 909.6050000000004,
    "medianResTime" : 1010.0,
    "minResTime" : 283.0,
    "maxResTime" : 2204.0,
    "pct1ResTime" : 1213.9,
    "pct2ResTime" : 1230.9499999999998,
    "pct3ResTime" : 1727.3500000000006,
    "throughput" : 71.13218731475993,
    "receivedKBytesPerSec" : 64.25514967397747,
    "sentKBytesPerSec" : 19.172347362181387
  },
  "Get Booking" : {
    "transaction" : "Get Booking",
    "sampleCount" : 1200,
    "errorCount" : 0,
    "errorPct" : 0.0,
    "meanResTime" : 601.9791666666678,
    "medianResTime" : 651.0,
    "minResTime" : 278.0,
    "maxResTime" : 1942.0,
    "pct1ResTime" : 758.0,
    "pct2ResTime" : 771.0,
    "pct3ResTime" : 1354.96,
    "throughput" : 128.83830792355593,
    "receivedKBytesPerSec" : 116.17759555507837,
    "sentKBytesPerSec" : 25.918643976809104
  },
  "Create Token" : {
    "transaction" : "Create Token",
    "sampleCount" : 600,
    "errorCount" : 0,
    "errorPct" : 0.0,
    "meanResTime" : 2838.698333333334,
    "medianResTime" : 1825.0,
    "minResTime" : 1116.0,
    "maxResTime" : 13097.0,
    "pct1ResTime" : 5927.8,
    "pct2ResTime" : 6655.999999999998,
    "pct3ResTime" : 8455.690000000002,
    "throughput" : 43.62684505198865,
    "receivedKBytesPerSec" : 33.10527703046608,
    "sentKBytesPerSec" : 10.949315603868246
  }
}