{
  "Delete Booking" : {
    "transaction" : "Delete Booking",
    "sampleCount" : 1000,
    "errorCount" : 0,
    "errorPct" : 0.0,
    "meanResTime" : 304.7760000000002,
    "medianResTime" : 287.0,
    "minResTime" : 277.0,
    "maxResTime" : 933.0,
    "pct1ResTime" : 332.0,
    "pct2ResTime" : 376.0,
    "pct3ResTime" : 843.98,
    "throughput" : 88.19897689186806,
    "receivedKBytesPerSec" : 64.90135495678251,
    "sentKBytesPerSec" : 20.632014574880934
  },
  "Update Booking with Put" : {
    "transaction" : "Update Booking with Put",
    "sampleCount" : 1000,
    "errorCount" : 0,
    "errorPct" : 0.0,
    "meanResTime" : 304.694,
    "medianResTime" : 288.0,
    "minResTime" : 278.0,
    "maxResTime" : 1496.0,
    "pct1ResTime" : 306.0,
    "pct2ResTime" : 317.0,
    "pct3ResTime" : 924.96,
    "throughput" : 93.1619154089808,
    "receivedKBytesPerSec" : 84.17433796813863,
    "sentKBytesPerSec" : 43.900733067821875
  },
  "Total" : {
    "transaction" : "Total",
    "sampleCount" : 7000,
    "errorCount" : 0,
    "errorPct" : 0.0,
    "meanResTime" : 458.87571428571414,
    "medianResTime" : 289.0,
    "minResTime" : 277.0,
    "maxResTime" : 5771.0,
    "pct1ResTime" : 1135.0,
    "pct2ResTime" : 1165.9499999999998,
    "pct3ResTime" : 2199.949999999999,
    "throughput" : 459.7399185603573,
    "receivedKBytesPerSec" : 397.0587933469066,
    "sentKBytesPerSec" : 135.63225527058978
  },
  "Create Booking" : {
    "transaction" : "Create Booking",
    "sampleCount" : 1000,
    "errorCount" : 0,
    "errorPct" : 0.0,
    "meanResTime" : 308.5099999999996,
    "medianResTime" : 287.0,
    "minResTime" : 277.0,
    "maxResTime" : 1745.0,
    "pct1ResTime" : 310.0,
    "pct2ResTime" : 335.0,
    "pct3ResTime" : 1019.97,
    "throughput" : 98.39614287119946,
    "receivedKBytesPerSec" : 91.64255448686411,
    "sentKBytesPerSec" : 43.14440248942241
  },
  "Update Booking with Patch" : {
    "transaction" : "Update Booking with Patch",
    "sampleCount" : 1000,
    "errorCount" : 0,
    "errorPct" : 0.0,
    "meanResTime" : 303.86700000000013,
    "medianResTime" : 288.0,
    "minResTime" : 278.0,
    "maxResTime" : 1494.0,
    "pct1ResTime" : 311.9,
    "pct2ResTime" : 326.94999999999993,
    "pct3ResTime" : 897.99,
    "throughput" : 93.14456035767512,
    "receivedKBytesPerSec" : 84.39915937034277,
    "sentKBytesPerSec" : 25.063527500931443
  },
  "Get Booking" : {
    "transaction" : "Get Booking",
    "sampleCount" : 2000,
    "errorCount" : 0,
    "errorPct" : 0.0,
    "meanResTime" : 303.89450000000005,
    "medianResTime" : 286.0,
    "minResTime" : 277.0,
    "maxResTime" : 2015.0,
    "pct1ResTime" : 301.0,
    "pct2ResTime" : 318.0,
    "pct3ResTime" : 959.97,
    "throughput" : 172.5625539257981,
    "receivedKBytesPerSec" : 156.10102998274374,
    "sentKBytesPerSec" : 34.63721419327006
  },
  "Create Token" : {
    "transaction" : "Create Token",
    "sampleCount" : 1000,
    "errorCount" : 0,
    "errorPct" : 0.0,
    "meanResTime" : 1382.4939999999995,
    "medianResTime" : 1146.0,
    "minResTime" : 1111.0,
    "maxResTime" : 5771.0,
    "pct1ResTime" : 2073.6,
    "pct2ResTime" : 2311.0,
    "pct3ResTime" : 3697.92,
    "throughput" : 81.78621084485157,
    "receivedKBytesPerSec" : 62.121099820070334,
    "sentKBytesPerSec" : 20.526422057741065
  }
}