{
  "Delete Booking" : {
    "transaction" : "Delete Booking",
    "sampleCount" : 900,
    "errorCount" : 1,
    "errorPct" : 0.11111111,
    "meanResTime" : 1204.714444444445,
    "medianResTime" : 1324.5,
    "minResTime" : 281.0,
    "maxResTime" : 2761.0,
    "pct1ResTime" : 1768.0,
    "pct2ResTime" : 1818.9499999999998,
    "pct3ResTime" : 2310.92,
    "throughput" : 43.58775668345603,
    "receivedKBytesPerSec" : 32.13821405220845,
    "sentKBytesPerSec" : 10.215076445055212
  },
  "Update Booking with Put" : {
    "transaction" : "Update Booking with Put",
    "sampleCount" : 900,
    "errorCount" : 1,
    "errorPct" : 0.11111111,
    "meanResTime" : 1306.367777777778,
    "medianResTime" : 1388.0,
    "minResTime" : 280.0,
    "maxResTime" : 2997.0,
    "pct1ResTime" : 1771.0,
    "pct2ResTime" : 1812.0,
    "pct3ResTime" : 2367.94,
    "throughput" : 42.450827791141926,
    "receivedKBytesPerSec" : 38.33872628354794,
    "sentKBytesPerSec" : 20.02241013100797
  },
  "Total" : {
    "transaction" : "Total",
    "sampleCount" : 6300,
    "errorCount" : 4,
    "errorPct" : 0.06349207,
    "meanResTime" : 1076.8587301587286,
    "medianResTime" : 1017.0,
    "minResTime" : 279.0,
    "maxResTime" : 21119.0,
    "pct1ResTime" : 1749.0,
    "pct2ResTime" : 1811.9499999999998,
    "pct3ResTime" : 2403.9199999999983,
    "throughput" : 253.27651362868858,
    "receivedKBytesPerSec" : 218.91972258935033,
    "sentKBytesPerSec" : 74.79053806183164
  },
  "Create Booking" : {
    "transaction" : "Create Booking",
    "sampleCount" : 900,
    "errorCount" : 0,
    "errorPct" : 0.0,
    "meanResTime" : 705.0733333333336,
    "medianResTime" : 679.0,
    "minResTime" : 279.0,
    "maxResTime" : 3909.0,
    "pct1ResTime" : 1042.8,
    "pct2ResTime" : 1075.9499999999998,
    "pct3ResTime" : 1751.89,
    "throughput" : 42.41081947127845,
    "receivedKBytesPerSec" : 39.566588668064654,
    "sentKBytesPerSec" : 18.596150334574244
  },
  "Update Booking with Patch" : {
    "transaction" : "Update Booking with Patch",
    "sampleCount" : 900,
    "errorCount" : 1,
    "errorPct" : 0.11111111,
    "meanResTime" : 1342.3533333333326,
    "medianResTime" : 1395.5,
    "minResTime" : 287.0,
    "maxResTime" : 2568.0,
    "pct1ResTime" : 1772.9,
    "pct2ResTime" : 1816.9499999999998,
    "pct3ResTime" : 2351.8500000000004,
    "throughput" : 42.43481540855297,
    "receivedKBytesPerSec" : 38.40240287142251,
    "sentKBytesPerSec" : 11.436726080319676
  },
  "Get Booking" : {
    "transaction" : "Get Booking",
    "sampleCount" : 1800,
    "errorCount" : 0,
    "errorPct" : 0.0,
    "meanResTime" : 776.8733333333328,
    "medianResTime" : 816.0,
    "minResTime" : 279.0,
    "maxResTime" : 2319.0,
    "pct1ResTime" : 1063.0,
    "pct2ResTime" : 1085.9499999999998,
    "pct3ResTime" : 1626.94,
    "throughput" : 81.61044613710555,
    "receivedKBytesPerSec" : 73.84514488687886,
    "sentKBytesPerSec" : 16.417549362985127
  },
  "Create Token" : {
    "transaction" : "Create Token",
    "sampleCount" : 900,
    "errorCount" : 1,
    "errorPct" : 0.11111111,
    "meanResTime" : 1425.7555555555562,
    "medianResTime" : 1141.0,
    "minResTime" : 1110.0,
    "maxResTime" : 21119.0,
    "pct1ResTime" : 2146.9,
    "pct2ResTime" : 2568.85,
    "pct3ResTime" : 3709.4800000000005,
    "throughput" : 40.37322806387942,
    "receivedKBytesPerSec" : 30.780205623093483,
    "sentKBytesPerSec" : 10.12147540317154
  }
}