{
  "Delete Booking" : {
    "transaction" : "Delete Booking",
    "sampleCount" : 900,
    "errorCount" : 0,
    "errorPct" : 0.0,
    "meanResTime" : 289.16777777777764,
    "medianResTime" : 256.0,
    "minResTime" : 246.0,
    "maxResTime" : 1282.0,
    "pct1ResTime" : 347.79999999999995,
    "pct2ResTime" : 481.0,
    "pct3ResTime" : 795.99,
    "throughput" : 79.16959887403237,
    "receivedKBytesPerSec" : 58.316106615059816,
    "sentKBytesPerSec" : 18.555374736101335
  },
  "Update Booking with Put" : {
    "transaction" : "Update Booking with Put",
    "sampleCount" : 900,
    "errorCount" : 0,
    "errorPct" : 0.0,
    "meanResTime" : 292.3666666666663,
    "medianResTime" : 257.0,
    "minResTime" : 246.0,
    "maxResTime" : 1490.0,
    "pct1ResTime" : 326.0,
    "pct2ResTime" : 480.4999999999993,
    "pct3ResTime" : 857.95,
    "throughput" : 87.7791865795377,
    "receivedKBytesPerSec" : 79.07022639715206,
    "sentKBytesPerSec" : 41.40365929484054
  },
  "Total" : {
    "transaction" : "Total",
    "sampleCount" : 6300,
    "errorCount" : 0,
    "errorPct" : 0.0,
    "meanResTime" : 430.3036507936514,
    "medianResTime" : 257.0,
    "minResTime" : 245.0,
    "maxResTime" : 4688.0,
    "pct1ResTime" : 1011.0,
    "pct2ResTime" : 1046.0,
    "pct3ResTime" : 2520.0,
    "throughput" : 428.3965728274174,
    "receivedKBytesPerSec" : 369.39934168026656,
    "sentKBytesPerSec" : 126.52281594247246
  },
  "Create Booking" : {
    "transaction" : "Create Booking",
    "sampleCount" : 900,
    "errorCount" : 0,
    "errorPct" : 0.0,
    "meanResTime" : 290.27666666666727,
    "medianResTime" : 255.0,
    "minResTime" : 245.0,
    "maxResTime" : 977.0,
    "pct1ResTime" : 311.0,
    "pct2ResTime" : 401.94999999999993,
    "pct3ResTime" : 947.9300000000001,
    "throughput" : 87.23466123873219,
    "receivedKBytesPerSec" : 81.13505015993022,
    "sentKBytesPerSec" : 38.25035439081128
  },
  "Update Booking with Patch" : {
    "transaction" : "Update Booking with Patch",
    "sampleCount" : 900,
    "errorCount" : 0,
    "errorPct" : 0.0,
    "meanResTime" : 288.99222222222204,
    "medianResTime" : 257.0,
    "minResTime" : 247.0,
    "maxResTime" : 1327.0,
    "pct1ResTime" : 313.9,
    "pct2ResTime" : 476.5499999999994,
    "pct3ResTime" : 832.98,
    "throughput" : 87.73640085786704,
    "receivedKBytesPerSec" : 79.31576269740691,
    "sentKBytesPerSec" : 23.647701793721975
  },
  "Get Booking" : {
    "transaction" : "Get Booking",
    "sampleCount" : 1800,
    "errorCount" : 0,
    "errorPct" : 0.0,
    "meanResTime" : 275.42888888888893,
    "medianResTime" : 254.0,
    "minResTime" : 245.0,
    "maxResTime" : 1481.0,
    "pct1ResTime" : 271.9000000000001,
    "pct2ResTime" : 304.0,
    "pct3ResTime" : 847.95,
    "throughput" : 155.42699248769537,
    "receivedKBytesPerSec" : 140.39091507641828,
    "sentKBytesPerSec" : 31.26753950436059
  },
  "Create Token" : {
    "transaction" : "Create Token",
    "sampleCount" : 900,
    "errorCount" : 0,
    "errorPct" : 0.0,
    "meanResTime" : 1300.4644444444443,
    "medianResTime" : 1023.0,
    "minResTime" : 981.0,
    "maxResTime" : 4688.0,
    "pct1ResTime" : 2223.8,
    "pct2ResTime" : 2655.85,
    "pct3ResTime" : 3473.8900000000003,
    "throughput" : 74.70739603220719,
    "receivedKBytesPerSec" : 56.62684433883954,
    "sentKBytesPerSec" : 18.7498054494895
  }
}