{
  "Delete Booking" : {
    "transaction" : "Delete Booking",
    "sampleCount" : 400,
    "errorCount" : 0,
    "errorPct" : 0.0,
    "meanResTime" : 265.79249999999996,
    "medianResTime" : 253.0,
    "minResTime" : 246.0,
    "maxResTime" : 785.0,
    "pct1ResTime" : 257.0,
    "pct2ResTime" : 259.95,
    "pct3ResTime" : 769.0,
    "throughput" : 30.976535274529546,
    "receivedKBytesPerSec" : 22.787416266553084,
    "sentKBytesPerSec" : 7.260125454967862
  },
  "Update Booking with Put" : {
    "transaction" : "Update Booking with Put",
    "sampleCount" : 400,
    "errorCount" : 0,
    "errorPct" : 0.0,
    "meanResTime" : 271.3349999999999,
    "medianResTime" : 254.0,
    "minResTime" : 246.0,
    "maxResTime" : 868.0,
    "pct1ResTime" : 261.0,
    "pct2ResTime" : 264.95,
    "pct3ResTime" : 843.95,
    "throughput" : 31.017369727047146,
    "receivedKBytesPerSec" : 27.92986924240074,
    "sentKBytesPerSec" : 14.630263259925558
  },
  "Total" : {
    "transaction" : "Total",
    "sampleCount" : 2800,
    "errorCount" : 0,
    "errorPct" : 0.0,
    "meanResTime" : 403.7025,
    "medianResTime" : 253.0,
    "minResTime" : 245.0,
    "maxResTime" : 4648.0,
    "pct1ResTime" : 1004.0,
    "pct2ResTime" : 1020.0,
    "pct3ResTime" : 1825.6699999999928,
    "throughput" : 177.0247202377189,
    "receivedKBytesPerSec" : 152.53835864892204,
    "sentKBytesPerSec" : 52.28255200101157
  },
  "Create Booking" : {
    "transaction" : "Create Booking",
    "sampleCount" : 400,
    "errorCount" : 0,
    "errorPct" : 0.0,
    "meanResTime" : 282.6675,
    "medianResTime" : 253.0,
    "minResTime" : 245.0,
    "maxResTime" : 1541.0,
    "pct1ResTime" : 262.0,
    "pct2ResTime" : 272.95,
    "pct3ResTime" : 918.99,
    "throughput" : 31.053489635897833,
    "receivedKBytesPerSec" : 28.865492294852885,
    "sentKBytesPerSec" : 13.616227389177858
  },
  "Update Booking with Patch" : {
    "transaction" : "Update Booking with Patch",
    "sampleCount" : 400,
    "errorCount" : 0,
    "errorPct" : 0.0,
    "meanResTime" : 267.5424999999998,
    "medianResTime" : 253.0,
    "minResTime" : 246.0,
    "maxResTime" : 819.0,
    "pct1ResTime" : 260.90000000000003,
    "pct2ResTime" : 266.0,
    "pct3ResTime" : 800.98,
    "throughput" : 31.01256008683517,
    "receivedKBytesPerSec" : 28.020938323771126,
    "sentKBytesPerSec" : 8.358854085904792
  },
  "Get Booking" : {
    "transaction" : "Get Booking",
    "sampleCount" : 800,
    "errorCount" : 0,
    "errorPct" : 0.0,
    "meanResTime" : 276.94874999999996,
    "medianResTime" : 252.0,
    "minResTime" : 245.0,
    "maxResTime" : 1337.0,
    "pct1ResTime" : 258.0,
    "pct2ResTime" : 264.89999999999986,
    "pct3ResTime" : 871.9300000000001,
    "throughput" : 58.59518054640006,
    "receivedKBytesPerSec" : 52.882722661686074,
    "sentKBytesPerSec" : 11.787702336482823
  },
  "Create Token" : {
    "transaction" : "Create Token",
    "sampleCount" : 400,
    "errorCount" : 0,
    "errorPct" : 0.0,
    "meanResTime" : 1184.6824999999997,
    "medianResTime" : 1011.0,
    "minResTime" : 981.0,
    "maxResTime" : 4648.0,
    "pct1ResTime" : 1719.9,
    "pct2ResTime" : 2011.6499999999999,
    "pct3ResTime" : 2548.78,
    "throughput" : 27.99748022677959,
    "receivedKBytesPerSec" : 21.209731749142577,
    "sentKBytesPerSec" : 7.026711345978861
  }
}