{
  "Delete Booking" : {
    "transaction" : "Delete Booking",
    "sampleCount" : 900,
    "errorCount" : 0,
    "errorPct" : 0.0,
    "meanResTime" : 282.72222222222285,
    "medianResTime" : 255.0,
    "minResTime" : 246.0,
    "maxResTime" : 4234.0,
    "pct1ResTime" : 268.0,
    "pct2ResTime" : 282.94999999999993,
    "pct3ResTime" : 793.97,
    "throughput" : 76.38771006620269,
    "receivedKBytesPerSec" : 56.31438582159226,
    "sentKBytesPerSec" : 17.847918832753354
  },
  "Update Booking with Put" : {
    "transaction" : "Update Booking with Put",
    "sampleCount" : 900,
    "errorCount" : 0,
    "errorPct" : 0.0,
    "meanResTime" : 283.00333333333316,
    "medianResTime" : 256.0,
    "minResTime" : 246.0,
    "maxResTime" : 1686.0,
    "pct1ResTime" : 276.0,
    "pct2ResTime" : 286.0,
    "pct3ResTime" : 850.98,
    "throughput" : 76.24534056252118,
    "receivedKBytesPerSec" : 68.91566153422569,
    "sentKBytesPerSec" : 35.9080310435022
  },
  "Total" : {
    "transaction" : "Total",
    "sampleCount" : 6300,
    "errorCount" : 0,
    "errorPct" : 0.0,
    "meanResTime" : 441.78031746031746,
    "medianResTime" : 256.0,
    "minResTime" : 245.0,
    "maxResTime" : 5104.0,
    "pct1ResTime" : 1018.0,
    "pct2ResTime" : 1274.8999999999996,
    "pct3ResTime" : 2604.899999999998,
    "throughput" : 404.8843187660668,
    "receivedKBytesPerSec" : 349.99115068685734,
    "sentKBytesPerSec" : 119.36876154803984
  },
  "Create Booking" : {
    "transaction" : "Create Booking",
    "sampleCount" : 900,
    "errorCount" : 0,
    "errorPct" : 0.0,
    "meanResTime" : 283.65888888888895,
    "medianResTime" : 255.0,
    "minResTime" : 245.0,
    "maxResTime" : 1697.0,
    "pct1ResTime" : 269.0,
    "pct2ResTime" : 279.94999999999993,
    "pct3ResTime" : 930.97,
    "throughput" : 76.18080243778567,
    "receivedKBytesPerSec" : 71.03818496593026,
    "sentKBytesPerSec" : 33.403496381411884
  },
  "Update Booking with Patch" : {
    "transaction" : "Update Booking with Patch",
    "sampleCount" : 900,
    "errorCount" : 0,
    "errorPct" : 0.0,
    "meanResTime" : 279.1288888888888,
    "medianResTime" : 256.0,
    "minResTime" : 246.0,
    "maxResTime" : 1407.0,
    "pct1ResTime" : 268.0,
    "pct2ResTime" : 279.94999999999993,
    "pct3ResTime" : 833.96,
    "throughput" : 76.4071652941676,
    "receivedKBytesPerSec" : 69.21182560064521,
    "sentKBytesPerSec" : 20.538653933907803
  },
  "Get Booking" : {
    "transaction" : "Get Booking",
    "sampleCount" : 1800,
    "errorCount" : 0,
    "errorPct" : 0.0,
    "meanResTime" : 282.02111111111105,
    "medianResTime" : 255.0,
    "minResTime" : 245.0,
    "maxResTime" : 1532.0,
    "pct1ResTime" : 267.0,
    "pct2ResTime" : 283.9499999999998,
    "pct3ResTime" : 879.95,
    "throughput" : 143.31210191082803,
    "receivedKBytesPerSec" : 129.73259603901275,
    "sentKBytesPerSec" : 28.72633235469745
  },
  "Create Token" : {
    "transaction" : "Create Token",
    "sampleCount" : 900,
    "errorCount" : 0,
    "errorPct" : 0.0,
    "meanResTime" : 1399.9066666666656,
    "medianResTime" : 1037.0,
    "minResTime" : 982.0,
    "maxResTime" : 5104.0,
    "pct1ResTime" : 2368.0,
    "pct2ResTime" : 2795.0,
    "pct3ResTime" : 3923.970000000001,
    "throughput" : 64.0888698995941,
    "receivedKBytesPerSec" : 48.775413017161576,
    "sentKBytesPerSec" : 16.08480426190985
  }
}