{
  "Delete Booking" : {
    "transaction" : "Delete Booking",
    "sampleCount" : 800,
    "errorCount" : 0,
    "errorPct" : 0.0,
    "meanResTime" : 452.73375,
    "medianResTime" : 455.0,
    "minResTime" : 279.0,
    "maxResTime" : 1205.0,
    "pct1ResTime" : 575.9,
    "pct2ResTime" : 592.8999999999999,
    "pct3ResTime" : 869.1100000000017,
    "throughput" : 77.66990291262135,
    "receivedKBytesPerSec" : 57.07069174757281,
    "sentKBytesPerSec" : 18.20388349514563
  },
  "Update Booking with Put" : {
    "transaction" : "Update Booking with Put",
    "sampleCount" : 800,
    "errorCount" : 0,
    "errorPct" : 0.0,
    "meanResTime" : 466.63250000000005,
    "medianResTime" : 452.0,
    "minResTime" : 281.0,
    "maxResTime" : 1214.0,
    "pct1ResTime" : 559.0,
    "pct2ResTime" : 616.5499999999994,
    "pct3ResTime" : 1070.91,
    "throughput" : 75.72172266919073,
    "receivedKBytesPerSec" : 68.19835541883579,
    "sentKBytesPerSec" : 35.71639848556555
  },
  "Total" : {
    "transaction" : "Total",
    "sampleCount" : 5600,
    "errorCount" : 0,
    "errorPct" : 0.0,
    "meanResTime" : 542.7491071428533,
    "medianResTime" : 414.0,
    "minResTime" : 277.0,
    "maxResTime" : 3477.0,
    "pct1ResTime" : 1128.0,
    "pct2ResTime" : 1149.0,
    "pct3ResTime" : 2024.9699999999993,
    "throughput" : 395.2011291460833,
    "receivedKBytesPerSec" : 340.39398817925195,
    "sentKBytesPerSec" : 116.7188602681722
  },
  "Create Booking" : {
    "transaction" : "Create Booking",
    "sampleCount" : 800,
    "errorCount" : 0,
    "errorPct" : 0.0,
    "meanResTime" : 376.6737499999995,
    "medianResTime" : 365.5,
    "minResTime" : 277.0,
    "maxResTime" : 2683.0,
    "pct1ResTime" : 425.0,
    "pct2ResTime" : 442.0,
    "pct3ResTime" : 1066.95,
    "throughput" : 75.73605983148727,
    "receivedKBytesPerSec" : 70.35502757265928,
    "sentKBytesPerSec" : 33.20848717220486
  },
  "Update Booking with Patch" : {
    "transaction" : "Update Booking with Patch",
    "sampleCount" : 800,
    "errorCount" : 0,
    "errorPct" : 0.0,
    "meanResTime" : 465.4125000000003,
    "medianResTime" : 455.5,
    "minResTime" : 281.0,
    "maxResTime" : 1143.0,
    "pct1ResTime" : 562.9,
    "pct2ResTime" : 627.2999999999977,
    "pct3ResTime" : 984.9100000000001,
    "throughput" : 75.72172266919073,
    "receivedKBytesPerSec" : 68.40873461902508,
    "sentKBytesPerSec" : 20.409370563180314
  },
  "Get Booking" : {
    "transaction" : "Get Booking",
    "sampleCount" : 1600,
    "errorCount" : 0,
    "errorPct" : 0.0,
    "meanResTime" : 381.14687499999974,
    "medianResTime" : 372.0,
    "minResTime" : 278.0,
    "maxResTime" : 1647.0,
    "pct1ResTime" : 429.0,
    "pct2ResTime" : 448.0,
    "pct3ResTime" : 990.95,
    "throughput" : 140.10507880910683,
    "receivedKBytesPerSec" : 126.41712729859896,
    "sentKBytesPerSec" : 28.185201401050787
  },
  "Create Token" : {
    "transaction" : "Create Token",
    "sampleCount" : 800,
    "errorCount" : 0,
    "errorPct" : 0.0,
    "meanResTime" : 1275.4975000000006,
    "medianResTime" : 1137.0,
    "minResTime" : 1108.0,
    "maxResTime" : 3477.0,
    "pct1ResTime" : 1896.6999999999998,
    "pct2ResTime" : 2063.85,
    "pct3ResTime" : 2561.0700000000024,
    "throughput" : 64.22607578676943,
    "receivedKBytesPerSec" : 48.60766146836866,
    "sentKBytesPerSec" : 16.119239723827874
  }
}