{
  "Delete Booking" : {
    "transaction" : "Delete Booking",
    "sampleCount" : 300,
    "errorCount" : 0,
    "errorPct" : 0.0,
    "meanResTime" : 268.33666666666676,
    "medianResTime" : 256.0,
    "minResTime" : 248.0,
    "maxResTime" : 807.0,
    "pct1ResTime" : 270.0,
    "pct2ResTime" : 282.95,
    "pct3ResTime" : 777.8000000000002,
    "throughput" : 21.252479455936527,
    "receivedKBytesPerSec" : 15.691690723292718,
    "sentKBytesPerSec" : 4.981049872485124
  },
  "Update Booking with Put" : {
    "transaction" : "Update Booking with Put",
    "sampleCount" : 300,
    "errorCount" : 0,
    "errorPct" : 0.0,
    "meanResTime" : 278.27333333333297,
    "medianResTime" : 258.0,
    "minResTime" : 248.0,
    "maxResTime" : 1127.0,
    "pct1ResTime" : 294.80000000000007,
    "pct2ResTime" : 312.0,
    "pct3ResTime" : 876.4600000000005,
    "throughput" : 21.282633371169126,
    "receivedKBytesPerSec" : 19.215890146140747,
    "sentKBytesPerSec" : 10.038585857690125
  },
  "Total" : {
    "transaction" : "Total",
    "sampleCount" : 2100,
    "errorCount" : 0,
    "errorPct" : 0.0,
    "meanResTime" : 401.6885714285718,
    "medianResTime" : 257.0,
    "minResTime" : 245.0,
    "maxResTime" : 8304.0,
    "pct1ResTime" : 1003.0,
    "pct2ResTime" : 1022.0,
    "pct3ResTime" : 1810.9799999999996,
    "throughput" : 121.78148921363953,
    "receivedKBytesPerSec" : 105.21888954128973,
    "sentKBytesPerSec" : 35.96699395441893
  },
  "Create Booking" : {
    "transaction" : "Create Booking",
    "sampleCount" : 300,
    "errorCount" : 0,
    "errorPct" : 0.0,
    "meanResTime" : 267.4833333333331,
    "medianResTime" : 254.0,
    "minResTime" : 245.0,
    "maxResTime" : 1543.0,
    "pct1ResTime" : 267.0,
    "pct2ResTime" : 277.9,
    "pct3ResTime" : 897.7700000000002,
    "throughput" : 22.686025408348456,
    "receivedKBytesPerSec" : 21.135222890199636,
    "sentKBytesPerSec" : 9.94729043784029
  },
  "Update Booking with Patch" : {
    "transaction" : "Update Booking with Patch",
    "sampleCount" : 300,
    "errorCount" : 0,
    "errorPct" : 0.0,
    "meanResTime" : 270.5499999999997,
    "medianResTime" : 258.0,
    "minResTime" : 249.0,
    "maxResTime" : 1325.0,
    "pct1ResTime" : 275.0,
    "pct2ResTime" : 296.0,
    "pct3ResTime" : 814.6800000000003,
    "throughput" : 21.273578215855906,
    "receivedKBytesPerSec" : 19.272809264643314,
    "sentKBytesPerSec" : 5.7338941284924125
  },
  "Get Booking" : {
    "transaction" : "Get Booking",
    "sampleCount" : 600,
    "errorCount" : 0,
    "errorPct" : 0.0,
    "meanResTime" : 274.4083333333329,
    "medianResTime" : 255.0,
    "minResTime" : 246.0,
    "maxResTime" : 1274.0,
    "pct1ResTime" : 265.0,
    "pct2ResTime" : 282.8499999999998,
    "pct3ResTime" : 883.8700000000001,
    "throughput" : 40.338846308995564,
    "receivedKBytesPerSec" : 36.500352964905204,
    "sentKBytesPerSec" : 8.115041347317467
  },
  "Create Token" : {
    "transaction" : "Create Token",
    "sampleCount" : 300,
    "errorCount" : 0,
    "errorPct" : 0.0,
    "meanResTime" : 1178.3600000000015,
    "medianResTime" : 1012.0,
    "minResTime" : 983.0,
    "maxResTime" : 8304.0,
    "pct1ResTime" : 1771.0,
    "pct2ResTime" : 2004.4499999999998,
    "pct3ResTime" : 2570.94,
    "throughput" : 20.237452779276847,
    "receivedKBytesPerSec" : 15.369660263761467,
    "sentKBytesPerSec" : 5.079126332298975
  }
}