{
  "Delete Booking" : {
    "transaction" : "Delete Booking",
    "sampleCount" : 350,
    "errorCount" : 0,
    "errorPct" : 0.0,
    "meanResTime" : 266.8171428571429,
    "medianResTime" : 252.0,
    "minResTime" : 245.0,
    "maxResTime" : 1272.0,
    "pct1ResTime" : 257.0,
    "pct2ResTime" : 259.0,
    "pct3ResTime" : 770.3900000000001,
    "throughput" : 30.57035548956241,
    "receivedKBytesPerSec" : 22.54171352301511,
    "sentKBytesPerSec" : 7.135073205083414
  },
  "Update Booking with Put" : {
    "transaction" : "Update Booking with Put",
    "sampleCount" : 350,
    "errorCount" : 0,
    "errorPct" : 0.0,
    "meanResTime" : 262.6514285714287,
    "medianResTime" : 253.0,
    "minResTime" : 246.0,
    "maxResTime" : 1398.0,
    "pct1ResTime" : 256.0,
    "pct2ResTime" : 259.0,
    "pct3ResTime" : 832.96,
    "throughput" : 30.57035548956241,
    "receivedKBytesPerSec" : 27.578145471220193,
    "sentKBytesPerSec" : 14.38956186129793
  },
  "Total" : {
    "transaction" : "Total",
    "sampleCount" : 2450,
    "errorCount" : 0,
    "errorPct" : 0.0,
    "meanResTime" : 378.1930612244904,
    "medianResTime" : 253.0,
    "minResTime" : 245.0,
    "maxResTime" : 2639.0,
    "pct1ResTime" : 1002.0,
    "pct2ResTime" : 1015.0,
    "pct3ResTime" : 1580.0,
    "throughput" : 169.62060371088342,
    "receivedKBytesPerSec" : 146.36632749757683,
    "sentKBytesPerSec" : 49.977499307671
  },
  "Create Booking" : {
    "transaction" : "Create Booking",
    "sampleCount" : 350,
    "errorCount" : 0,
    "errorPct" : 0.0,
    "meanResTime" : 259.14285714285705,
    "medianResTime" : 252.0,
    "minResTime" : 246.0,
    "maxResTime" : 930.0,
    "pct1ResTime" : 260.0,
    "pct2ResTime" : 268.9,
    "pct3ResTime" : 579.9200000000055,
    "throughput" : 35.40002022858299,
    "receivedKBytesPerSec" : 32.902461881763934,
    "sentKBytesPerSec" : 15.522079182259532
  },
  "Update Booking with Patch" : {
    "transaction" : "Update Booking with Patch",
    "sampleCount" : 350,
    "errorCount" : 0,
    "errorPct" : 0.0,
    "meanResTime" : 257.36571428571443,
    "medianResTime" : 253.0,
    "minResTime" : 246.0,
    "maxResTime" : 798.0,
    "pct1ResTime" : 257.0,
    "pct2ResTime" : 259.0,
    "pct3ResTime" : 518.8000000000047,
    "throughput" : 30.599755201958384,
    "receivedKBytesPerSec" : 27.702170123710438,
    "sentKBytesPerSec" : 8.217707695838433
  },
  "Get Booking" : {
    "transaction" : "Get Booking",
    "sampleCount" : 700,
    "errorCount" : 0,
    "errorPct" : 0.0,
    "meanResTime" : 261.6599999999997,
    "medianResTime" : 252.0,
    "minResTime" : 245.0,
    "maxResTime" : 2639.0,
    "pct1ResTime" : 257.0,
    "pct2ResTime" : 259.0,
    "pct3ResTime" : 838.3200000000006,
    "throughput" : 57.33944954128441,
    "receivedKBytesPerSec" : 51.82628706585845,
    "sentKBytesPerSec" : 11.479089019495413
  },
  "Create Token" : {
    "transaction" : "Create Token",
    "sampleCount" : 350,
    "errorCount" : 0,
    "errorPct" : 0.0,
    "meanResTime" : 1078.0542857142855,
    "medianResTime" : 1010.0,
    "minResTime" : 981.0,
    "maxResTime" : 2290.0,
    "pct1ResTime" : 1337.0000000000018,
    "pct2ResTime" : 1648.0,
    "pct3ResTime" : 1812.47,
    "throughput" : 32.317636195752534,
    "receivedKBytesPerSec" : 24.509103762696213,
    "sentKBytesPerSec" : 8.11096924053555
  }
}