{
  "Delete Booking" : {
    "transaction" : "Delete Booking",
    "sampleCount" : 500,
    "errorCount" : 0,
    "errorPct" : 0.0,
    "meanResTime" : 265.2280000000001,
    "medianResTime" : 255.0,
    "minResTime" : 246.0,
    "maxResTime" : 800.0,
    "pct1ResTime" : 268.0,
    "pct2ResTime" : 274.95,
    "pct3ResTime" : 776.0,
    "throughput" : 46.979235178051304,
    "receivedKBytesPerSec" : 34.723527200977166,
    "sentKBytesPerSec" : 11.010758244855774
  },
  "Update Booking with Put" : {
    "transaction" : "Update Booking with Put",
    "sampleCount" : 500,
    "errorCount" : 0,
    "errorPct" : 0.0,
    "meanResTime" : 272.52399999999994,
    "medianResTime" : 256.0,
    "minResTime" : 247.0,
    "maxResTime" : 1383.0,
    "pct1ResTime" : 268.0,
    "pct2ResTime" : 273.0,
    "pct3ResTime" : 842.97,
    "throughput" : 49.23198109491926,
    "receivedKBytesPerSec" : 44.538404022252855,
    "sentKBytesPerSec" : 23.221725457857424
  },
  "Total" : {
    "transaction" : "Total",
    "sampleCount" : 3500,
    "errorCount" : 0,
    "errorPct" : 0.0,
    "meanResTime" : 399.9968571428575,
    "medianResTime" : 256.0,
    "minResTime" : 246.0,
    "maxResTime" : 7754.0,
    "pct1ResTime" : 1004.9000000000001,
    "pct2ResTime" : 1020.0,
    "pct3ResTime" : 1960.1599999999817,
    "throughput" : 255.7357883969019,
    "receivedKBytesPerSec" : 221.3487436979395,
    "sentKBytesPerSec" : 75.52911049612743
  },
  "Create Booking" : {
    "transaction" : "Create Booking",
    "sampleCount" : 500,
    "errorCount" : 0,
    "errorPct" : 0.0,
    "meanResTime" : 270.03200000000015,
    "medianResTime" : 253.0,
    "minResTime" : 246.0,
    "maxResTime" : 972.0,
    "pct1ResTime" : 261.0,
    "pct2ResTime" : 267.0,
    "pct3ResTime" : 913.99,
    "throughput" : 51.06209150326797,
    "receivedKBytesPerSec" : 47.66765918607026,
    "sentKBytesPerSec" : 22.3895303564134
  },
  "Update Booking with Patch" : {
    "transaction" : "Update Booking with Patch",
    "sampleCount" : 500,
    "errorCount" : 0,
    "errorPct" : 0.0,
    "meanResTime" : 263.6420000000001,
    "medianResTime" : 256.0,
    "minResTime" : 247.0,
    "maxResTime" : 875.0,
    "pct1ResTime" : 264.0,
    "pct2ResTime" : 269.9,
    "pct3ResTime" : 807.8000000000002,
    "throughput" : 49.26108374384237,
    "receivedKBytesPerSec" : 44.70212438423645,
    "sentKBytesPerSec" : 13.277401477832512
  },
  "Get Booking" : {
    "transaction" : "Get Booking",
    "sampleCount" : 1000,
    "errorCount" : 0,
    "errorPct" : 0.0,
    "meanResTime" : 263.6060000000008,
    "medianResTime" : 254.0,
    "minResTime" : 246.0,
    "maxResTime" : 928.0,
    "pct1ResTime" : 261.0,
    "pct2ResTime" : 265.0,
    "pct3ResTime" : 779.0,
    "throughput" : 87.48906386701661,
    "receivedKBytesPerSec" : 79.2890146544182,
    "sentKBytesPerSec" : 17.600339020122487
  },
  "Create Token" : {
    "transaction" : "Create Token",
    "sampleCount" : 500,
    "errorCount" : 0,
    "errorPct" : 0.0,
    "meanResTime" : 1201.3400000000004,
    "medianResTime" : 1012.0,
    "minResTime" : 981.0,
    "maxResTime" : 7754.0,
    "pct1ResTime" : 1713.5000000000002,
    "pct2ResTime" : 2015.85,
    "pct3ResTime" : 3050.510000000001,
    "throughput" : 44.271294492650966,
    "receivedKBytesPerSec" : 33.71016966973614,
    "sentKBytesPerSec" : 11.11105730919072
  }
}