{
  "Delete Booking" : {
    "transaction" : "Delete Booking",
    "sampleCount" : 700,
    "errorCount" : 0,
    "errorPct" : 0.0,
    "meanResTime" : 351.2314285714283,
    "medianResTime" : 311.0,
    "minResTime" : 278.0,
    "maxResTime" : 989.0,
    "pct1ResTime" : 428.9,
    "pct2ResTime" : 492.94999999999993,
    "pct3ResTime" : 947.98,
    "throughput" : 67.98096532970769,
    "receivedKBytesPerSec" : 50.125719262892105,
    "sentKBytesPerSec" : 15.933038749150237
  },
  "Update Booking with Put" : {
    "transaction" : "Update Booking with Put",
    "sampleCount" : 700,
    "errorCount" : 0,
    "errorPct" : 0.0,
    "meanResTime" : 347.2585714285716,
    "medianResTime" : 313.0,
    "minResTime" : 278.0,
    "maxResTime" : 1544.0,
    "pct1ResTime" : 410.0,
    "pct2ResTime" : 433.94999999999993,
    "pct3ResTime" : 1022.9000000000001,
    "throughput" : 67.9413762981656,
    "receivedKBytesPerSec" : 61.230269702999124,
    "sentKBytesPerSec" : 32.04656714063864
  },
  "Total" : {
    "transaction" : "Total",
    "sampleCount" : 4900,
    "errorCount" : 0,
    "errorPct" : 0.0,
    "meanResTime" : 543.0816326530611,
    "medianResTime" : 312.0,
    "minResTime" : 277.0,
    "maxResTime" : 6486.0,
    "pct1ResTime" : 1139.0,
    "pct2ResTime" : 1746.9499999999998,
    "pct3ResTime" : 3465.7599999999948,
    "throughput" : 338.7955472585217,
    "receivedKBytesPerSec" : 292.479894817811,
    "sentKBytesPerSec" : 100.06001305054276
  },
  "Create Booking" : {
    "transaction" : "Create Booking",
    "sampleCount" : 700,
    "errorCount" : 0,
    "errorPct" : 0.0,
    "meanResTime" : 340.78428571428515,
    "medianResTime" : 296.0,
    "minResTime" : 278.0,
    "maxResTime" : 2620.0,
    "pct1ResTime" : 359.9,
    "pct2ResTime" : 391.0,
    "pct3ResTime" : 1062.98,
    "throughput" : 67.96116504854369,
    "receivedKBytesPerSec" : 63.313486043689316,
    "sentKBytesPerSec" : 29.79937803398058
  },
  "Update Booking with Patch" : {
    "transaction" : "Update Booking with Patch",
    "sampleCount" : 700,
    "errorCount" : 0,
    "errorPct" : 0.0,
    "meanResTime" : 350.3842857142857,
    "medianResTime" : 313.0,
    "minResTime" : 279.0,
    "maxResTime" : 1507.0,
    "pct1ResTime" : 413.0,
    "pct2ResTime" : 494.0,
    "pct3ResTime" : 995.8500000000001,
    "throughput" : 67.967763860569,
    "receivedKBytesPerSec" : 61.47138071657443,
    "sentKBytesPerSec" : 18.319436353043987
  },
  "Get Booking" : {
    "transaction" : "Get Booking",
    "sampleCount" : 1400,
    "errorCount" : 0,
    "errorPct" : 0.0,
    "meanResTime" : 328.2514285714282,
    "medianResTime" : 297.0,
    "minResTime" : 277.0,
    "maxResTime" : 1104.0,
    "pct1ResTime" : 354.9000000000001,
    "pct2ResTime" : 388.0,
    "pct3ResTime" : 991.94,
    "throughput" : 125.53802008608322,
    "receivedKBytesPerSec" : 113.48230698529413,
    "sentKBytesPerSec" : 25.254718884505024
  },
  "Create Token" : {
    "transaction" : "Create Token",
    "sampleCount" : 700,
    "errorCount" : 0,
    "errorPct" : 0.0,
    "meanResTime" : 1755.4100000000003,
    "medianResTime" : 1158.5,
    "minResTime" : 1109.0,
    "maxResTime" : 6486.0,
    "pct1ResTime" : 3064.9999999999995,
    "pct2ResTime" : 3750.899999999997,
    "pct3ResTime" : 4880.47,
    "throughput" : 54.85033693778404,
    "receivedKBytesPerSec" : 41.71441584391161,
    "sentKBytesPerSec" : 13.766149016611816
  }
}