{
  "Delete Booking" : {
    "transaction" : "Delete Booking",
    "sampleCount" : 800,
    "errorCount" : 0,
    "errorPct" : 0.0,
    "meanResTime" : 610.11,
    "medianResTime" : 643.5,
    "minResTime" : 249.0,
    "maxResTime" : 1665.0,
    "pct1ResTime" : 760.8,
    "pct2ResTime" : 807.9499999999999,
    "pct3ResTime" : 1189.96,
    "throughput" : 74.87832272557095,
    "receivedKBytesPerSec" : 55.17340474073381,
    "sentKBytesPerSec" : 17.54960688880569
  },
  "Update Booking with Put" : {
    "transaction" : "Update Booking with Put",
    "sampleCount" : 800,
    "errorCount" : 0,
    "errorPct" : 0.0,
    "meanResTime" : 633.4524999999993,
    "medianResTime" : 646.0,
    "minResTime" : 257.0,
    "maxResTime" : 2918.0,
    "pct1ResTime" : 768.0,
    "pct2ResTime" : 835.0,
    "pct3ResTime" : 1312.8400000000001,
    "throughput" : 73.6105999263894,
    "receivedKBytesPerSec" : 66.47310337688627,
    "sentKBytesPerSec" : 34.720624769966875
  },
  "Total" : {
    "transaction" : "Total",
    "sampleCount" : 5600,
    "errorCount" : 0,
    "errorPct" : 0.0,
    "meanResTime" : 641.5858928571414,
    "medianResTime" : 544.0,
    "minResTime" : 246.0,
    "maxResTime" : 3902.0,
    "pct1ResTime" : 1017.0,
    "pct2ResTime" : 1101.8999999999996,
    "pct3ResTime" : 2357.679999999993,
    "throughput" : 387.16814159292034,
    "receivedKBytesPerSec" : 334.42539451396567,
    "sentKBytesPerSec" : 114.34639449668141
  },
  "Create Booking" : {
    "transaction" : "Create Booking",
    "sampleCount" : 800,
    "errorCount" : 0,
    "errorPct" : 0.0,
    "meanResTime" : 444.4812499999996,
    "medianResTime" : 448.5,
    "minResTime" : 249.0,
    "maxResTime" : 1824.0,
    "pct1ResTime" : 519.9,
    "pct2ResTime" : 557.8999999999999,
    "pct3ResTime" : 1116.99,
    "throughput" : 73.91665896701468,
    "receivedKBytesPerSec" : 68.89732802827312,
    "sentKBytesPerSec" : 32.4107225353414
  },
  "Update Booking with Patch" : {
    "transaction" : "Update Booking with Patch",
    "sampleCount" : 800,
    "errorCount" : 0,
    "errorPct" : 0.0,
    "meanResTime" : 633.1812499999999,
    "medianResTime" : 649.0,
    "minResTime" : 251.0,
    "maxResTime" : 1803.0,
    "pct1ResTime" : 778.6999999999999,
    "pct2ResTime" : 828.8499999999998,
    "pct3ResTime" : 1260.98,
    "throughput" : 73.43491830365338,
    "receivedKBytesPerSec" : 66.49696794106848,
    "sentKBytesPerSec" : 19.793005324031576
  },
  "Get Booking" : {
    "transaction" : "Get Booking",
    "sampleCount" : 1600,
    "errorCount" : 0,
    "errorPct" : 0.0,
    "meanResTime" : 445.2981249999997,
    "medianResTime" : 451.0,
    "minResTime" : 246.0,
    "maxResTime" : 1532.0,
    "pct1ResTime" : 520.0,
    "pct2ResTime" : 553.8499999999995,
    "pct3ResTime" : 1048.97,
    "throughput" : 137.16245177882556,
    "receivedKBytesPerSec" : 124.06471013716246,
    "sentKBytesPerSec" : 27.593227603943422
  },
  "Create Token" : {
    "transaction" : "Create Token",
    "sampleCount" : 800,
    "errorCount" : 0,
    "errorPct" : 0.0,
    "meanResTime" : 1279.2800000000004,
    "medianResTime" : 1020.5,
    "minResTime" : 981.0,
    "maxResTime" : 3902.0,
    "pct1ResTime" : 2062.9,
    "pct2ResTime" : 2623.9999999999986,
    "pct3ResTime" : 3480.92,
    "throughput" : 62.358718528334244,
    "receivedKBytesPerSec" : 47.38623187699743,
    "sentKBytesPerSec" : 15.650576818146387
  }
}